,id,t1,t2,t3
1,1,4.005026826,5.182286175,7.107831088
2,2,2.55812366,6.912915246,6.308433852
3,3,3.24424112,4.443433564,9.778410393
4,4,3.419538124,4.71169619,8.34712372
5,5,2.871243047,3.908428683,6.457286866
6,6,2.045868013,5.340548689,6.653223618
7,7,3.525991738,5.580694976,6.840156836
8,8,3.179424809,4.370233764,7.818622878
9,9,3.507963635,4.399807753,8.471228515
10,10,3.043798496,4.489375676,8.581099944
